{
  "project_info": {
    "project_number": "682996504549",
    "project_id": "fir-authisil",
    "storage_bucket": "fir-authisil.appspot.com"
  },
  "client": [
    {
      "client_info": {
        "mobilesdk_app_id": "1:682996504549:android:159cd08f3645e49a26c10c",
        "android_client_info": {
          "package_name": "com.example.examenfinal"
        }
      },
      "oauth_client": [
        {
          "client_id": "682996504549-k7mvpdjggum3j10jdea1jpuhh6i3ue4t.apps.googleusercontent.com",
          "client_type": 1,
          "android_info": {
            "package_name": "com.example.examenfinal",
            "certificate_hash": "941477a39f189a055d8b3e76e98c9d59fc912c1b"
          }
        },
        {
          "client_id": "682996504549-dv3421onjbb964ihmghtjfsln07r0irn.apps.googleusercontent.com",
          "client_type": 3
        }
      ],
      "api_key": [
        {
          "current_key": "AIzaSyB4VjmFVxJFsq_wLmMd5aVZIGVXI99dFhI"
        }
      ],
      "services": {
        "appinvite_service": {
          "other_platform_oauth_client": [
            {
              "client_id": "682996504549-dv3421onjbb964ihmghtjfsln07r0irn.apps.googleusercontent.com",
              "client_type": 3
            }
          ]
        }
      }
    },
    {
      "client_info": {
        "mobilesdk_app_id": "1:682996504549:android:23608dc321d6fe3526c10c",
        "android_client_info": {
          "package_name": "com.jimcode.myep4"
        }
      },
      "oauth_client": [
        {
          "client_id": "682996504549-8lps8k3vvl212750re7q2n98m8b15le1.apps.googleusercontent.com",
          "client_type": 1,
          "android_info": {
            "package_name": "com.jimcode.myep4",
            "certificate_hash": "585ac3e2ded8134d1014c5de93ba5f4acf35406b"
          }
        },
        {
          "client_id": "682996504549-dv3421onjbb964ihmghtjfsln07r0irn.apps.googleusercontent.com",
          "client_type": 3
        }
      ],
      "api_key": [
        {
          "current_key": "AIzaSyB4VjmFVxJFsq_wLmMd5aVZIGVXI99dFhI"
        }
      ],
      "services": {
        "appinvite_service": {
          "other_platform_oauth_client": [
            {
              "client_id": "682996504549-dv3421onjbb964ihmghtjfsln07r0irn.apps.googleusercontent.com",
              "client_type": 3
            }
          ]
        }
      }
    }
  ],
  "configuration_version": "1"
}